id,name,availability,ageGroup,expertCategory,expertSubCategory,experiencedIn,averagePricing,totalCustomersServed,imageUrl
1,Rahul Kumar,Yes,"Men,Women,Kids","Formal,Casual","Topwear,Bottomwear,Apparel Set","Cotton fabrics,Rayon fabrics,Blazers,Tops,Trousers,Kurtas,Suits",4201,51,https://randomuser.me/api/portraits/men/55.jpg
2,Aishwarya Rani,Yes,"Women,Girls,Senior citizen","Ethnic,Smart-Casual","Saree,Dress,Loungewear","Silk fabrics,Georgette fabrics,Lehengas,Gowns,Nightdresses,Dresses",9352,19,https://randomuser.me/api/portraits/women/22.jpg
3,Kunal Jain,Yes,"Men,Boys","Sports,Formal","Topwear,Bottomwear","Wool fabrics,Nylon fabrics,Jackets,Tops,Trousers,Sweaters,Tights",1187,98,https://randomuser.me/api/portraits/men/83.jpg
4,Anushka Sen,No,"Women,Girls,Kids","Smart-Casual,Formal","Apparel Set,Dress,Loungewear","Cotton fabrics,Rayon fabrics,Kurtas,Tops,Jumpsuits,Nightdresses,Joggers",4231,63,https://randomuser.me/api/portraits/men/44.jpg
5,Siddharth Roy,Yes,"Men,Boys,Senior citizen","Ethnic,Sports","Saree,Bottomwear,Apparel Set","Silk fabrics,Georgette fabrics,Lehengas,Trousers,Kurtas,Suits,Tights",9145,41,https://randomuser.me/api/portraits/women/66.jpg
6,Ria Das,Yes,"Women,Girls,Kids","Formal,Casual","Topwear,Bottomwear,Loungewear","Cotton fabrics,Rayon fabrics,Blazers,Tops,Jackets,Nightdresses,Joggers",6352,85,https://randomuser.me/api/portraits/women/33.jpg
7,Rohan Mishra,Yes,"Men,Boys,Senior citizen","Smart-Casual,Sports","Apparel Set,Dress,Loungewear","Wool fabrics,Nylon fabrics,Kurtas,Tops,Trousers,Sweaters,Suits",2469,67,https://randomuser.me/api/portraits/women/61.jpg
8,Shreya Bose,No,"Women,Girls,Kids","Ethnic,Formal","Saree,Bottomwear,Apparel Set","Silk fabrics,Georgette fabrics,Lehengas,Tops,Jumpsuits,Nightdresses,Tights",1159,51,https://randomuser.me/api/portraits/women/47.jpg
9,Ayush Tiwari,Yes,"Men,Boys,Senior citizen","Casual,Smart-Casual","Topwear,Bottomwear,Loungewear","Cotton fabrics,Rayon fabrics,Blazers,Tops,Jackets,Nightdresses,Joggers",5281,93,https://randomuser.me/api/portraits/women/66.jpg
10,Ishita Chakraborty,Yes,"Women,Girls,Kids","Formal,Sports","Apparel Set,Dress,Loungewear","Wool fabrics,Nylon fabrics,Kurtas,Tops,Trousers,Sweaters,Suits",6521,78,https://randomuser.me/api/portraits/women/11.jpg
11,Vedant Jain,No,"Men,Boys,Senior citizen","Ethnic,Smart-Casual","Saree,Bottomwear,Apparel Set","Silk fabrics,Georgette fabrics,Lehengas,Tops,Jumpsuits,Nightdresses,Tights",4159,22,https://randomuser.me/api/portraits/men/51.jpg
12,Sakshi Agrawal,Yes,"Women,Girls,Kids","Formal,Casual","Topwear,Bottomwear,Loungewear","Cotton fabrics,Rayon fabrics,Blazers,Tops,Jackets,Nightdresses,Joggers",9315,55,https://randomuser.me/api/portraits/men/89.jpg
13,Aryan Shukla,Yes,"Men,Boys,Senior citizen","Smart-Casual,Sports","Apparel Set,Dress,Loungewear","Wool fabrics,Nylon fabrics,Kurtas,Tops,Trousers,Sweaters,Suits",2865,89,https://randomuser.me/api/portraits/women/50.jpg
14,Anushka Singh,No,"Women,Girls,Kids","Ethnic,Formal","Saree,Bottomwear,Apparel Set","Silk fabrics,Georgette fabrics,Lehengas,Tops,Jumpsuits,Nightdresses,Tights",4395,34,https://randomuser.me/api/portraits/men/97.jpg
15,Aman Bajpai,Yes,"Men,Boys,Senior citizen","Casual,Smart-Casual","Topwear,Bottomwear,Loungewear","Cotton fabrics,Rayon fabrics,Blazers,Tops,Jackets,Nightdresses,Joggers",4811,46,https://randomuser.me/api/portraits/women/65.jpg
16,Tanvi Choudhary,Yes,"Women,Girls,Kids","Formal,Sports","Apparel Set,Dress,Loungewear","Wool fabrics,Nylon fabrics,Kurtas,Tops,Trousers,Sweaters,Suits",6243,65,https://randomuser.me/api/portraits/women/28.jpg
17,Yash Tyagi,No,"Men,Boys,Senior citizen","Ethnic,Smart-Casual","Saree,Bottomwear,Apparel Set","Silk fabrics,Georgette fabrics,Lehengas,Tops,Jumpsuits,Nightdresses,Tights",9745,30,https://randomuser.me/api/portraits/women/83.jpg
18,Naina Saha,Yes,"Women,Girls,Kids","Formal,Casual","Topwear,Bottomwear,Loungewear","Cotton fabrics,Rayon fabrics,Blazers,Tops,Jackets,Nightdresses,Joggers",2195,58,https://randomuser.me/api/portraits/women/84.jpg
19,Harshdeep Singh,Yes,"Men,Boys,Senior citizen","Smart-Casual,Sports","Apparel Set,Dress,Loungewear","Wool fabrics,Nylon fabrics,Kurtas,Tops,Trousers,Sweaters,Suits",4695,75,https://randomuser.me/api/portraits/men/64.jpg
20,Karanvir Singh,Yes,"Men,Boys","Casual,Smart-Casual","Topwear,Bottomwear","Cotton fabrics,Denim fabrics,Jeans,T-shirts,Shorts",4113,27,https://randomuser.me/api/portraits/men/53.jpg
21,Palak Saini,No,"Women,Girls,Kids","Formal,Ethnic","Apparel Set,Saree","Silk fabrics,Georgette fabrics,Lehengas,Sarees,Tops",5483,46,https://randomuser.me/api/portraits/women/46.jpg
22,Sahil Goyal,Yes,"Men,Boys,Senior citizen","Smart-Casual,Casual","Loungewear,Bottomwear","Wool fabrics,Nylon fabrics,Kurtas,Trousers,Sweaters",6234,83,https://randomuser.me/api/portraits/men/62.jpg
23,Akshara Mishra,No,"Women,Girls,Kids","Formal,Sports","Dress,Loungewear","Cotton fabrics,Rayon fabrics,Blazers,Jackets,Nightdresses",4679,23,https://randomuser.me/api/portraits/women/57.jpg
24,Aayush Jain,Yes,"Men,Boys,Senior citizen","Ethnic,Smart-Casual","Saree,Apparel Set","Silk fabrics,Georgette fabrics,Lehengas,Tops,Tights",2864,64,https://randomuser.me/api/portraits/men/87.jpg
25,Ishaan Bajaj,No,"Women,Girls,Kids","Casual,Formal","Topwear,Bottomwear","Cotton fabrics,Rayon fabrics,Jeans,Blazers",4407,48,https://randomuser.me/api/portraits/women/18.jpg
26,Tanisha Kumari,Yes,"Women,Girls,Kids","Smart-Casual,Ethnic","Loungewear,Saree","Wool fabrics,Nylon fabrics,Kurtas,Tops,Sarees",5121,72,https://randomuser.me/api/portraits/women/16.jpg
27,Aarav Singh,No,"Men,Boys,Senior citizen","Formal,Casual","Apparel Set,Topwear","Silk fabrics,Georgette fabrics,Lehengas,Tops,T-shirts",4759,37,https://randomuser.me/api/portraits/men/15.jpg
28,Rhea Mathur,Yes,"Women,Girls,Kids","Smart-Casual,Casual","Dress,Loungewear","Cotton fabrics,Rayon fabrics,Jeans,Blazers",2994,92,https://randomuser.me/api/portraits/men/68.jpg
29,Naman Gupta,No,"Men,Boys,Senior citizen","Formal,Smart-Casual","Topwear,Bottomwear","Wool fabrics,Nylon fabrics,Kurtas,Tops,Trousers",3985,27,https://randomuser.me/api/portraits/women/87.jpg
30,Akshita Choudhary,Yes,"Women,Girls,Kids","Casual,Ethnic","Loungewear,Saree","Silk fabrics,Georgette fabrics,Lehengas,Sarees,Tops",5441,81,https://randomuser.me/api/portraits/women/78.jpg
31,Siddharth Mishra,No,"Men,Boys,Senior citizen","Formal,Casual","Apparel Set,Topwear","Cotton fabrics,Rayon fabrics,Jeans,Blazers",4622,39,https://randomuser.me/api/portraits/women/81.jpg
32,Kriti Sharma,Yes,"Women,Girls,Kids","Smart-Casual,Formal","Dress,Loungewear","Wool fabrics,Nylon fabrics,Kurtas,Tops,Sarees",6121,67,https://randomuser.me/api/portraits/women/78.jpg
33,Dhruv Tyagi,No,"Men,Boys,Senior citizen","Ethnic,Smart-Casual","Saree,Apparel Set","Silk fabrics,Georgette fabrics,Lehengas,Tops,Tights",3965,35,https://randomuser.me/api/portraits/women/57.jpg
34,Anushka Singh,Yes,"Women,Girls,Kids","Formal,Casual","Topwear,Bottomwear","Cotton fabrics,Rayon fabrics,Jeans,Blazers",4412,49,https://randomuser.me/api/portraits/men/40.jpg
35,Yash Goyal,No,"Men,Boys,Senior citizen","Smart-Casual,Sports","Loungewear,Dress","Wool fabrics,Nylon fabrics,Kurtas,Tops,Suits",4853,22,https://randomuser.me/api/portraits/men/22.jpg
36,Kanika Chopra,Yes,"Women,Girls,Kids","Casual,Smart-Casual","Apparel Set,Topwear","Cotton fabrics,Rayon fabrics,Jeans,Blazers",4684,84,https://randomuser.me/api/portraits/women/75.jpg
37,Harshdeep Bajpai,No,"Men,Boys,Senior citizen","Formal,Smart-Casual","Bottomwear,Loungewear","Silk fabrics,Georgette fabrics,Lehengas,Tops,Sweaters",4044,25,https://randomuser.me/api/portraits/women/97.jpg
38,Akshay Aggarwal,Yes,"Men,Boys,Senior citizen","Ethnic,Casual","Saree,Topwear","Cotton fabrics,Rayon fabrics,Jeans,Blazers",4698,68,https://randomuser.me/api/portraits/men/78.jpg
39,Shreyansh Saini,No,"Men,Boys,Senior citizen","Formal,Smart-Casual","Apparel Set,Dress","Wool fabrics,Nylon fabrics,Kurtas,Tops,Suits",4542,38,https://randomuser.me/api/portraits/women/56.jpg
40,Nalini Jain,Yes,"Women,Girls,Kids","Smart-Casual,Casual","Loungewear,Bottomwear","Cotton fabrics,Rayon fabrics,Jeans,Blazers",4975,87,https://randomuser.me/api/portraits/men/1.jpg
41,Aryan Gupta,No,"Men,Boys,Senior citizen","Formal,Casual","Topwear,Apparel Set","Silk fabrics,Georgette fabrics,Lehengas,Tops,T-shirts",4951,20,https://randomuser.me/api/portraits/women/84.jpg
42,Ananya Choudhary,Yes,"Women,Girls,Kids","Casual,Smart-Casual","Dress,Loungewear","Wool fabrics,Nylon fabrics,Kurtas,Tops,Sarees",5213,95,https://randomuser.me/api/portraits/women/70.jpg
43,Siddharth Bajpai,No,"Men,Boys,Senior citizen","Formal,Smart-Casual","Bottomwear,Topwear","Cotton fabrics,Rayon fabrics,Jeans,Blazers",4075,40,https://randomuser.me/api/portraits/women/90.jpg
44,Palak Tyagi,Yes,"Women,Girls,Kids","Ethnic,Casual","Saree,Loungewear","Silk fabrics,Georgette fabrics,Lehengas,Sarees,Tops",4938,73,https://randomuser.me/api/portraits/women/36.jpg
45,Aaradhya Shukla,Yes,"Men,Boys,Senior citizen","Formal,Smart-Casual","Apparel Set,Dress","Wool fabrics,Nylon fabrics,Kurtas,Tops,Suits",2618,18,https://randomuser.me/api/portraits/women/23.jpg
46,Kashish Singh,No,"Women,Girls,Kids","Casual,Smart-Casual","Loungewear,Bottomwear","Cotton fabrics,Rayon fabrics,Jeans,Blazers",4639,42,https://randomuser.me/api/portraits/men/30.jpg
47,Sparsh Upadhyay,Yes,"Men,Boys,Senior citizen","Ethnic,Casual","Saree,Topwear","Cotton fabrics,Rayon fabrics,Jeans,Blazers",4993,65,https://randomuser.me/api/portraits/women/95.jpg
48,Riddhima Khanna,No,"Men,Boys,Senior citizen","Formal,Smart-Casual","Apparel Set,Loungewear","Silk fabrics,Georgette fabrics,Lehengas,Tops,Sweaters",4758,32,https://randomuser.me/api/portraits/women/14.jpg
49,Anushka Sinha,Yes,"Women,Girls,Kids","Smart-Casual,Casual","Dress,Bottomwear","Wool fabrics,Nylon fabrics,Kurtas,Tops,Sarees",2349,98,https://randomuser.me/api/portraits/women/65.jpg
50,Prateek Bajpai,No,"Men,Boys,Senior citizen","Formal,Smart-Casual","Topwear,Apparel Set","Cotton fabrics,Rayon fabrics,Jeans,Blazers",4926,29,https://randomuser.me/api/portraits/women/98.jpg
51,Dhairya Arora,Yes,"Women,Girls,Kids","Ethnic,Casual","Saree,Loungewear","Silk fabrics,Georgette fabrics,Lehengas,Sarees,Tops",4649,61,https://randomuser.me/api/portraits/women/15.jpg
52,Siddharth Aggarwal,No,"Men,Boys,Senior citizen","Formal,Smart-Casual","Bottomwear,Dress","Wool fabrics,Nylon fabrics,Kurtas,Tops,Suits",4099,35,https://randomuser.me/api/portraits/men/9.jpg
53,Kavya Rastogi,Yes,"Women,Girls,Kids","Casual,Smart-Casual","Loungewear,Apparel Set","Cotton fabrics,Rayon fabrics,Jeans,Blazers",4964,76,https://randomuser.me/api/portraits/women/35.jpg
54,Himanshu Saini,No,"Men,Boys,Senior citizen","Formal,Casual","Topwear,Bottomwear","Silk fabrics,Georgette fabrics,Lehengas,Tops,T-shirts",4692,45,https://randomuser.me/api/portraits/women/42.jpg
55,Sahil Jain,Yes,"Men,Boys,Senior citizen","Ethnic,Casual","Saree,Loungewear","Cotton fabrics,Rayon fabrics,Jeans,Blazers",4898,59,https://randomuser.me/api/portraits/men/30.jpg
56,Aaradhya Sethi,No,"Women,Girls,Kids","Smart-Casual,Casual","Dress,Apparel Set","Wool fabrics,Nylon fabrics,Kurtas,Tops,Sarees",2547,92,https://randomuser.me/api/portraits/women/90.jpg
57,Shubham Bajpai,Yes,"Men,Boys,Senior citizen","Formal,Smart-Casual","Apparel Set,Loungewear","Silk fabrics,Georgette fabrics,Lehengas,Tops,Sweaters",4439,69,https://randomuser.me/api/portraits/women/54.jpg
58,Pranav Tyagi,No,"Men,Boys,Senior citizen","Formal,Casual","Topwear,Bottomwear","Cotton fabrics,Rayon fabrics,Jeans,Blazers",4713,51,https://randomuser.me/api/portraits/women/47.jpg
59,Shivangi Choudhary,Yes,"Women,Girls,Kids","Ethnic,Casual","Saree,Loungewear","Silk fabrics,Georgette fabrics,Lehengas,Sarees,Tops",4864,83,https://randomuser.me/api/portraits/women/4.jpg
60,Aaradhya Khanna,No,"Men,Boys,Senior citizen","Smart-Casual,Casual","Loungewear,Apparel Set","Wool fabrics,Nylon fabrics,Kurtas,Tops,Suits",4784,17,https://randomuser.me/api/portraits/women/71.jpg
61,Siddharth Gupta,Yes,"Women,Girls,Kids","Formal,Smart-Casual","Apparel Set,Dress","Cotton fabrics,Rayon fabrics,Jeans,Blazers",4973,80,https://randomuser.me/api/portraits/women/71.jpg
62,Prateek Rastogi,No,"Men,Boys,Senior citizen","Ethnic,Casual","Saree,Topwear","Silk fabrics,Georgette fabrics,Lehengas,Sarees,Tops",4763,36,https://randomuser.me/api/portraits/women/79.jpg
63,Shivangi Jain,Yes,"Women,Girls,Kids","Casual,Smart-Casual","Loungewear,Bottomwear","Cotton fabrics,Rayon fabrics,Jeans,Blazers",4599,85,https://randomuser.me/api/portraits/men/21.jpg
64,Siddharth Aggarwal,No,"Men,Boys,Senior citizen","Formal,Smart-Casual","Apparel Set,Dress","Wool fabrics,Nylon fabrics,Kurtas,Tops,Suits",4659,21,https://randomuser.me/api/portraits/men/50.jpg
65,Aaradhya Sethi,Yes,"Women,Girls,Kids","Smart-Casual,Casual","Dress,Loungewear","Silk fabrics,Georgette fabrics,Lehengas,Sarees,Tops",4939,82,https://randomuser.me/api/portraits/women/74.jpg
66,Himanshu Saini,No,"Men,Boys,Senior citizen","Formal,Casual","Topwear,Bottomwear","Cotton fabrics,Rayon fabrics,Jeans,Blazers",4819,48,https://randomuser.me/api/portraits/women/92.jpg
67,Shivangi Choudhary,Yes,"Women,Girls,Kids","Ethnic,Casual","Saree,Loungewear","Wool fabrics,Nylon fabrics,Kurtas,Tops,Sarees",4684,79,https://randomuser.me/api/portraits/women/42.jpg
68,Pranav Tyagi,No,"Men,Boys,Senior citizen","Smart-Casual,Casual","Loungewear,Apparel Set","Silk fabrics,Georgette fabrics,Lehengas,Tops,Sweaters",4621,30,https://randomuser.me/api/portraits/women/2.jpg
69,Rahul Suri,Yes,"Men,Boys,Senior citizen","Formal,Smart-Casual","Apparel Set,Dress","Cotton fabrics,Rayon fabrics,Jeans,Blazers",2348,49,https://randomuser.me/api/portraits/women/19.jpg
70,Shruti Rastogi,No,"Women,Girls,Kids","Ethnic,Casual","Saree,Loungewear","Wool fabrics,Nylon fabrics,Kurtas,Tops,Sarees",2678,78,https://randomuser.me/api/portraits/women/88.jpg
71,Aaradhya Sethi,Yes,"Women,Girls,Kids","Smart-Casual,Casual","Dress,Loungewear","Silk fabrics,Georgette fabrics,Lehengas,Sarees,Tops",4468,96,https://randomuser.me/api/portraits/women/71.jpg
72,Himanshu Saini,No,"Men,Boys,Senior citizen","Formal,Casual","Topwear,Bottomwear","Cotton fabrics,Rayon fabrics,Jeans,Blazers",2599,46,https://randomuser.me/api/portraits/women/20.jpg
73,Shivangi Choudhary,Yes,"Women,Girls,Kids","Ethnic,Casual","Saree,Loungewear","Wool fabrics,Nylon fabrics,Kurtas,Tops,Sarees",2734,91,https://randomuser.me/api/portraits/women/6.jpg
74,Prateek Rastogi,No,"Men,Boys,Senior citizen","Smart-Casual,Casual","Loungewear,Apparel Set","Silk fabrics,Georgette fabrics,Lehengas,Tops,Sweaters",2367,56,https://randomuser.me/api/portraits/women/89.jpg
75,Siddharth Aggarwal,Yes,"Women,Girls,Kids","Casual,Smart-Casual","Loungewear,Bottomwear","Cotton fabrics,Rayon fabrics,Jeans,Blazers",2588,74,https://randomuser.me/api/portraits/men/16.jpg
76,Shivangi Jain,No,"Men,Boys,Senior citizen","Formal,Smart-Casual","Apparel Set,Dress","Wool fabrics,Nylon fabrics,Kurtas,Tops,Suits",2723,63,https://randomuser.me/api/portraits/men/30.jpg
77,Aaradhya Khanna,Yes,"Women,Girls,Kids","Smart-Casual,Casual","Dress,Loungewear","Silk fabrics,Georgette fabrics,Lehengas,Sarees,Tops",2483,94,https://randomuser.me/api/portraits/women/92.jpg
78,Rahul Suri,No,"Men,Boys,Senior citizen","Formal,Casual","Topwear,Bottomwear","Cotton fabrics,Rayon fabrics,Jeans,Blazers",2384,65,https://randomuser.me/api/portraits/women/34.jpg
79,Pranav Tyagi,Yes,"Women,Girls,Kids","Ethnic,Casual","Saree,Loungewear","Wool fabrics,Nylon fabrics,Kurtas,Tops,Sarees",2642,88,https://randomuser.me/api/portraits/women/19.jpg
80,Shivangi Choudhary,No,"Men,Boys,Senior citizen","Smart-Casual,Casual","Loungewear,Apparel Set","Silk fabrics,Georgette fabrics,Lehengas,Tops,Sweaters",2469,57,https://randomuser.me/api/portraits/women/97.jpg
81,Siddharth Gupta,Yes,"Women,Girls,Kids","Casual,Smart-Casual","Loungewear,Bottomwear","Cotton fabrics,Rayon fabrics,Jeans,Blazers",2423,92,https://randomuser.me/api/portraits/women/37.jpg
82,Shruti Rastogi,No,"Men,Boys,Senior citizen","Formal,Smart-Casual","Apparel Set,Dress","Wool fabrics,Nylon fabrics,Kurtas,Tops,Suits",2598,68,https://randomuser.me/api/portraits/women/97.jpg
83,Aaradhya Sethi,Yes,"Women,Girls,Kids","Smart-Casual,Casual","Dress,Loungewear","Silk fabrics,Georgette fabrics,Lehengas,Sarees,Tops",2478,95,https://randomuser.me/api/portraits/women/91.jpg
84,Himanshu Saini,No,"Men,Boys,Senior citizen","Formal,Casual","Topwear,Bottomwear","Cotton fabrics,Rayon fabrics,Jeans,Blazers",2385,60,https://randomuser.me/api/portraits/women/97.jpg
85,Shivangi Choudhary,Yes,"Women,Girls,Kids","Ethnic,Casual","Saree,Loungewear","Wool fabrics,Nylon fabrics,Kurtas,Tops,Sarees",2738,89,https://randomuser.me/api/portraits/women/33.jpg
86,Prateek Rastogi,No,"Men,Boys,Senior citizen","Smart-Casual,Casual","Loungewear,Apparel Set","Silk fabrics,Georgette fabrics,Lehengas,Tops,Sweaters",2449,58,https://randomuser.me/api/portraits/women/0.jpg
87,Siddharth Aggarwal,Yes,"Women,Girls,Kids","Casual,Smart-Casual","Loungewear,Bottomwear","Cotton fabrics,Rayon fabrics,Jeans,Blazers",2554,76,https://randomuser.me/api/portraits/men/59.jpg
88,Shivangi Jain,No,"Men,Boys,Senior citizen","Formal,Smart-Casual","Apparel Set,Dress","Wool fabrics,Nylon fabrics,Kurtas,Tops,Suits",2535,66,https://randomuser.me/api/portraits/men/4.jpg
89,Aaradhya Khanna,Yes,"Women,Girls,Kids","Smart-Casual,Casual","Dress,Loungewear","Silk fabrics,Georgette fabrics,Lehengas,Sarees,Tops",2508,90,https://randomuser.me/api/portraits/women/48.jpg
90,Rahul Suri,No,"Men,Boys,Senior citizen","Formal,Casual","Topwear,Bottomwear","Cotton fabrics,Rayon fabrics,Jeans,Blazers",2464,64,https://randomuser.me/api/portraits/women/40.jpg
91,Pranav Tyagi,Yes,"Women,Girls,Kids","Ethnic,Casual","Saree,Loungewear","Wool fabrics,Nylon fabrics,Kurtas,Tops,Sarees",2568,84,https://randomuser.me/api/portraits/women/7.jpg
92,Shivangi Choudhary,No,"Men,Boys,Senior citizen","Smart-Casual,Casual","Loungewear,Apparel Set","Silk fabrics,Georgette fabrics,Lehengas,Tops,Sweaters",2528,61,https://randomuser.me/api/portraits/women/62.jpg
93,Kanika Singh,Yes,"Women,Girls,Kids","Smart-Casual,Casual","Dress,Loungewear","Cotton fabrics,Rayon fabrics,Jeans,Blazers",2321,19,https://randomuser.me/api/portraits/men/55.jpg
94,Vedant Rastogi,Yes,"Men,Boys,Senior citizen","Formal,Casual","Topwear,Bottomwear","Silk fabrics,Georgette fabrics,Lehengas,Sarees,Tops",2449,46,https://randomuser.me/api/portraits/women/14.jpg
95,Shraddha Agrawal,No,"Women,Girls,Kids","Ethnic,Casual","Saree,Loungewear","Wool fabrics,Nylon fabrics,Kurtas,Tops,Sarees",2615,32,https://randomuser.me/api/portraits/men/66.jpg
96,Rohan Suri,Yes,"Men,Boys,Senior citizen","Smart-Casual,Casual","Loungewear,Apparel Set","Cotton fabrics,Rayon fabrics,Jeans,Blazers",2385,41,https://randomuser.me/api/portraits/women/46.jpg
97,Kanika Mittal,No,"Women,Girls,Kids","Formal,Smart-Casual","Apparel Set,Dress","Silk fabrics,Georgette fabrics,Lehengas,Sarees,Tops",2498,49,https://randomuser.me/api/portraits/men/73.jpg
98,Vedant Jain,Yes,"Women,Girls,Kids","Smart-Casual,Casual","Dress,Loungewear","Wool fabrics,Nylon fabrics,Kurtas,Tops,Sarees",2561,85,https://randomuser.me/api/portraits/men/9.jpg
99,Shraddha Khanna,No,"Men,Boys,Senior citizen","Formal,Casual","Topwear,Bottomwear","Cotton fabrics,Rayon fabrics,Jeans,Blazers",2472,59,https://randomuser.me/api/portraits/women/79.jpg
100,Rohan Sethi,Yes,"Women,Girls,Kids","Ethnic,Casual","Saree,Loungewear","Silk fabrics,Georgette fabrics,Lehengas,Tops,Sarees",2627,45,https://randomuser.me/api/portraits/women/56.jpg
101,Akash Mistry,Yes,"Men,Women,Kids","Formal,Ethnic","Topwear,Bottomwear,Saree,Dress","Formal suit,Handloom fabric,Rayon fabric,Silk fabric",4321,43,https://randomuser.me/api/portraits/women/99.jpg
102,Kavita Shah,No,"Girls,Senior Citizen,Men","Casual,Sports,Smart-Casual","Loungewear,Nightwear,Apparel Set,Innerwear","Casual wear,Activewear,Cotton fabric,Linen fabric",8192,81,https://randomuser.me/api/portraits/men/10.jpg
103,Nishant Mehta,Yes,"Women,Boys,Kids","Ethnic,Smart-Casual,Formal","Topwear,Bottomwear,Saree,Dress","Handloom fabric,Rayon fabric,Silk fabric,Georgette fabric",6521,13,https://randomuser.me/api/portraits/women/69.jpg
104,Rahul Gandhi,No,"Men,Women,Girls","Formal,Sports,Casual","Topwear,Bottomwear,Suits","Formal suit,Cotton fabric,Linen fabric,Denim fabric",4910,91,https://randomuser.me/api/portraits/women/52.jpg
105,Sakshi Jain,Yes,"Kids,Senior Citizen,Men","Ethnic,Smart-Casual,Formal","Saree,Dress,Apparel Set,Innerwear","Handloom fabric,Rayon fabric,Silk fabric,Cotton fabric",8291,17,https://randomuser.me/api/portraits/men/46.jpg
106,Komal Thakur,No,"Women,Boys,Girls","Casual,Sports","Bottomwear,Topwear","Casual wear,Activewear,Linen fabric,Rayon fabric",3359,67,https://randomuser.me/api/portraits/men/70.jpg
107,Rohan Bajaj,Yes,"Men,Women,Kids","Formal,Ethnic,Smart-Casual","Formal suit,Saree,Apparel Set,Dress","Formal suit,Handloom fabric,Georgette fabric,Silk fabric",4519,41,https://randomuser.me/api/portraits/women/6.jpg
108,Aisha Choudhary,No,"Girls,Senior Citizen,Men","Casual,Sports,Smart-Casual","Loungewear,Nightwear,Innerwear,Bottomwear","Casual wear,Activewear,Cotton fabric,Linen fabric",8215,13,https://randomuser.me/api/portraits/women/85.jpg
109,Aman Kumar,Yes,"Women,Boys,Kids","Ethnic,Formal,Smart-Casual","Topwear,Saree,Dress,Apparel Set","Handloom fabric,Rayon fabric,Silk fabric,Georgette fabric",6432,53,https://randomuser.me/api/portraits/men/47.jpg
110,Himanshu Goyal,No,"Men,Women,Girls","Formal,Sports,Casual","Formal suit,Loungewear,Nightwear,Innerwear","Formal suit,Cotton fabric,Linen fabric,Denim fabric",4203,85,https://randomuser.me/api/portraits/men/9.jpg
111,Palak Singh,Yes,"Kids,Senior Citizen,Men","Ethnic,Smart-Casual,Formal","Saree,Dress,Apparel Set,Topwear","Handloom fabric,Rayon fabric,Silk fabric,Cotton fabric",6452,49,https://randomuser.me/api/portraits/men/14.jpg
112,Anushka Tiwari,No,"Women,Boys,Girls","Casual,Sports,Smart-Casual","Loungewear,Nightwear,Bottomwear,Topwear","Casual wear,Activewear,Linen fabric,Rayon fabric",5281,31,https://randomuser.me/api/portraits/women/4.jpg
113,Vivek Verma,Yes,"Men,Women,Kids","Formal,Ethnic,Smart-Casual","Formal suit,Saree,Apparel Set,Dress","Formal suit,Handloom fabric,Georgette fabric,Silk fabric",8462,69,https://randomuser.me/api/portraits/women/74.jpg
114,Pranav Mishra,No,"Girls,Senior Citizen,Men","Casual,Sports,Smart-Casual","Loungewear,Nightwear,Innerwear,Bottomwear","Casual wear,Activewear,Cotton fabric,Linen fabric",6102,59,https://randomuser.me/api/portraits/women/58.jpg
115,Sourabh Agarwal,Yes,"Women,Boys,Kids","Ethnic,Formal,Smart-Casual","Topwear,Saree,Dress,Apparel Set","Handloom fabric,Rayon fabric,Silk fabric,Georgette fabric",6959,11,https://randomuser.me/api/portraits/men/92.jpg
116,Kanika Singh,No,"Men,Women,Girls","Formal,Sports,Casual","Formal suit,Loungewear,Nightwear,Innerwear","Formal suit,Cotton fabric,Linen fabric,Denim fabric",8249,25,https://randomuser.me/api/portraits/men/41.jpg
117,Kriti Malhotra,Yes,"Kids,Senior Citizen,Men","Ethnic,Smart-Casual,Formal","Saree,Dress,Apparel Set,Topwear","Handloom fabric,Rayon fabric,Silk fabric,Cotton fabric",3821,75,https://randomuser.me/api/portraits/women/25.jpg
118,Aryan Mehra,No,"Women,Boys,Girls","Casual,Sports,Smart-Casual","Loungewear,Nightwear,Bottomwear,Topwear","Casual wear,Activewear,Linen fabric,Rayon fabric",5441,45,https://randomuser.me/api/portraits/women/41.jpg
119,Siddharth Khanna,Yes,"Men,Women,Kids","Formal,Ethnic,Smart-Casual","Formal suit,Saree,Apparel Set,Dress","Formal suit,Handloom fabric,Georgette fabric,Silk fabric",6543,33,https://randomuser.me/api/portraits/women/79.jpg
120,Tanvi Jain,No,"Girls,Senior Citizen,Men","Casual,Sports,Smart-Casual","Loungewear,Nightwear,Innerwear,Bottomwear","Casual wear,Activewear,Cotton fabric,Linen fabric",8352,13,https://randomuser.me/api/portraits/men/48.jpg
121,Aditya Sethi,Yes,"Women,Boys,Kids","Ethnic,Formal,Smart-Casual","Topwear,Saree,Dress,Apparel Set","Handloom fabric,Rayon fabric,Silk fabric,Georgette fabric",4225,61,https://randomuser.me/api/portraits/women/13.jpg
122,Yash Tiwari,No,"Men,Women,Girls","Formal,Sports,Casual","Formal suit,Loungewear,Nightwear,Innerwear","Formal suit,Cotton fabric,Linen fabric,Denim fabric",5379,39,https://randomuser.me/api/portraits/women/35.jpg
123,Rohan Mehta,Yes,"Men,Women,Kids","Formal,Smart-Casual","Formal suit,Apparel Set","Formal suit,Cotton fabric,Rayon fabric",2158,81,https://randomuser.me/api/portraits/women/12.jpg
124,Harshita Chopra,Yes,"Women,Boys,Girls","Ethnic,Sports","Saree,Bottomwear","Handloom fabric,Activewear,Rayon fabric",4871,41,https://randomuser.me/api/portraits/women/96.jpg
125,Aayush Rathore,Yes,"Men,Women,Kids","Formal,Smart-Casual","Formal suit,Apparel Set","Formal suit,Cotton fabric,Rayon fabric",1932,87,https://randomuser.me/api/portraits/women/96.jpg
126,Shivani Desai,No,"Women,Boys,Girls","Ethnic,Smart-Casual","Saree,Topwear","Handloom fabric,Georgette fabric,Silk fabric",5691,37,https://randomuser.me/api/portraits/women/49.jpg
127,Devansh Mittal,Yes,"Men,Women,Kids","Formal,Sports","Formal suit,Bottomwear","Formal suit,Linen fabric,Denim fabric",2485,75,https://randomuser.me/api/portraits/men/28.jpg
128,Shreya Jain,Yes,"Women,Boys,Girls","Ethnic,Smart-Casual","Saree,Apparel Set","Handloom fabric,Rayon fabric,Silk fabric",4441,64,https://randomuser.me/api/portraits/men/47.jpg
129,Yashvi Kundra,No,"Men,Women,Kids","Formal,Smart-Casual","Formal suit,Topwear","Formal suit,Cotton fabric,Rayon fabric",5328,44,https://randomuser.me/api/portraits/women/33.jpg
130,Kavya Bhatia,Yes,"Women,Boys,Girls","Ethnic,Sports","Saree,Bottomwear","Handloom fabric,Activewear,Rayon fabric",4815,82,https://randomuser.me/api/portraits/women/54.jpg
131,Shreyansh Goyal,Yes,"Men,Women,Kids","Formal,Smart-Casual","Formal suit,Apparel Set","Formal suit,Cotton fabric,Rayon fabric",2958,98,https://randomuser.me/api/portraits/men/2.jpg
132,Sakshi Bajaj,No,"Women,Boys,Girls","Ethnic,Sports","Saree,Bottomwear","Handloom fabric,Activewear,Rayon fabric",6582,31,https://randomuser.me/api/portraits/women/77.jpg
133,Ayushman Saxena,Yes,"Men,Women,Kids","Formal,Smart-Casual","Formal suit,Apparel Set","Formal suit,Cotton fabric,Rayon fabric",4635,68,https://randomuser.me/api/portraits/women/88.jpg
134,Ananya Reddy,Yes,"Women,Boys,Girls","Ethnic,Smart-Casual","Saree,Topwear","Handloom fabric,Georgette fabric,Silk fabric",4963,52,https://randomuser.me/api/portraits/women/24.jpg
135,Tanay Jain,Yes,"Men,Women,Kids","Formal,Sports","Formal suit,Bottomwear","Formal suit,Linen fabric,Denim fabric",2728,83,https://randomuser.me/api/portraits/men/8.jpg
136,Dhanush Khanna,No,"Women,Boys,Girls","Ethnic,Smart-Casual","Saree,Apparel Set","Handloom fabric,Rayon fabric,Silk fabric",6254,48,https://randomuser.me/api/portraits/women/8.jpg
137,Kushagra Agarwal,Yes,"Men,Women,Kids","Formal,Smart-Casual","Formal suit,Topwear","Formal suit,Cotton fabric,Rayon fabric",4189,91,https://randomuser.me/api/portraits/men/57.jpg
138,Ananya Goyal,Yes,"Women,Boys,Girls","Ethnic,Sports","Saree,Bottomwear","Handloom fabric,Activewear,Rayon fabric",4483,72,https://randomuser.me/api/portraits/men/96.jpg
139,Nischal Bhalla,Yes,"Men,Women,Kids","Formal,Smart-Casual","Formal suit,Apparel Set","Formal suit,Cotton fabric,Rayon fabric",3339,92,https://randomuser.me/api/portraits/women/19.jpg
140,Keshav Mehra,No,"Women,Boys,Girls","Ethnic,Sports","Saree,Bottomwear","Handloom fabric,Activewear,Rayon fabric",5595,21,https://randomuser.me/api/portraits/women/17.jpg
141,Shreya Saxena,Yes,"Men,Women,Kids","Formal,Smart-Casual","Formal suit,Apparel Set","Formal suit,Cotton fabric,Rayon fabric",4829,65,https://randomuser.me/api/portraits/women/80.jpg
142,Sakshi Chaturvedi,No,"Women,Boys,Girls","Ethnic,Smart-Casual","Saree,Topwear","Handloom fabric,Georgette fabric,Silk fabric",6349,36,https://randomuser.me/api/portraits/women/95.jpg
143,Aditya Garg,Yes,"Men,Women,Kids","Formal,Sports","Formal suit,Bottomwear","Formal suit,Linen fabric,Denim fabric",2735,79,https://randomuser.me/api/portraits/women/62.jpg
144,Yash Chaudhary,Yes,"Women,Boys,Girls","Ethnic,Smart-Casual","Saree,Apparel Set","Handloom fabric,Rayon fabric,Silk fabric",5465,59,https://randomuser.me/api/portraits/women/27.jpg
145,Aryan Negi,Yes,"Men,Women,Kids","Formal,Smart-Casual","Formal suit,Topwear","Formal suit,Cotton fabric,Rayon fabric",4168,94,https://randomuser.me/api/portraits/women/95.jpg
146,Pranav Mittal,No,"Women,Boys,Girls","Ethnic,Sports","Saree,Bottomwear","Handloom fabric,Activewear,Rayon fabric",6529,43,https://randomuser.me/api/portraits/men/65.jpg
147,Sakshi Gandhi,Yes,"Men,Women,Kids","Formal,Smart-Casual","Formal suit,Apparel Set","Formal suit,Cotton fabric,Rayon fabric",3295,88,https://randomuser.me/api/portraits/women/7.jpg
148,Keshav Sehgal,Yes,"Women,Boys,Girls","Ethnic,Smart-Casual","Saree,Topwear","Handloom fabric,Georgette fabric,Silk fabric",4938,62,https://randomuser.me/api/portraits/men/64.jpg
149,Ravindra Tiwari,Yes,"Men,Women,Kids","Formal,Smart-Casual","Formal suit,Apparel Set","Formal suit,Cotton fabric,Rayon fabric",4138,91,https://randomuser.me/api/portraits/women/19.jpg
150,Sakshi Arora,No,"Women,Boys,Girls","Ethnic,Smart-Casual","Saree,Topwear","Handloom fabric,Georgette fabric,Silk fabric",4455,46,https://randomuser.me/api/portraits/women/46.jpg
151,Yash Kumar,Yes,"Men,Women,Kids","Formal,Sports","Formal suit,Bottomwear","Formal suit,Linen fabric,Denim fabric",4769,84,https://randomuser.me/api/portraits/men/53.jpg
152,Kirti Solanki,No,"Women,Boys,Girls","Ethnic,Smart-Casual","Saree,Apparel Set","Handloom fabric,Rayon fabric,Silk fabric",5773,33,https://randomuser.me/api/portraits/women/28.jpg
153,Aman Mishra,Yes,"Men,Women,Kids","Formal,Smart-Casual","Formal suit,Topwear","Formal suit,Cotton fabric,Rayon fabric",2889,96,https://randomuser.me/api/portraits/women/68.jpg
154,Nalini Jaiswal,Yes,"Women,Boys,Girls","Ethnic,Smart-Casual","Saree,Topwear","Handloom fabric,Georgette fabric,Silk fabric",5461,57,https://randomuser.me/api/portraits/men/43.jpg
155,Kanika Verma,Yes,"Men,Women,Kids","Formal,Sports","Formal suit,Bottomwear","Formal suit,Linen fabric,Denim fabric",3268,83,https://randomuser.me/api/portraits/women/46.jpg
156,Saksham Jha,No,"Women,Boys,Girls","Ethnic,Smart-Casual","Saree,Apparel Set","Handloom fabric,Rayon fabric,Silk fabric",4673,35,https://randomuser.me/api/portraits/women/36.jpg
157,Rohan Mehta,Yes,"Men,Women,Kids","Formal,Smart-Casual","Formal suit,Topwear","Formal suit,Cotton fabric,Rayon fabric",4449,90,https://randomuser.me/api/portraits/women/0.jpg
158,Sonam Pradhan,Yes,"Women,Boys,Girls","Ethnic,Smart-Casual","Saree,Topwear","Handloom fabric,Georgette fabric,Silk fabric",3118,58,https://randomuser.me/api/portraits/men/40.jpg
159,Arya Sharma,No,"Men,Women,Kids","Formal,Sports","Formal suit,Bottomwear","Formal suit,Linen fabric,Denim fabric",4354,82,https://randomuser.me/api/portraits/women/55.jpg
160,Nidhi Jaiswal,Yes,"Women,Boys,Girls","Ethnic,Smart-Casual","Saree,Apparel Set","Handloom fabric,Rayon fabric,Silk fabric",4979,48,https://randomuser.me/api/portraits/men/79.jpg
161,Sahil Aggarwal,Yes,"Men,Women,Kids","Formal,Smart-Casual","Formal suit,Topwear","Formal suit,Cotton fabric,Rayon fabric",4923,75,https://randomuser.me/api/portraits/men/88.jpg
162,Prachi Mishra,Yes,"Women,Boys,Girls","Ethnic,Smart-Casual","Saree,Topwear","Handloom fabric,Georgette fabric,Silk fabric",5399,61,https://randomuser.me/api/portraits/women/32.jpg
163,Utkarsh Kumar,No,"Men,Women,Kids","Formal,Sports","Formal suit,Bottomwear","Formal suit,Linen fabric,Denim fabric",4562,80,https://randomuser.me/api/portraits/men/85.jpg
164,Palak Aggarwal,Yes,"Women,Boys,Girls","Ethnic,Smart-Casual","Saree,Apparel Set","Handloom fabric,Rayon fabric,Silk fabric",4880,52,https://randomuser.me/api/portraits/men/92.jpg
165,Ayushman Mishra,Yes,"Men,Women,Kids","Formal,Smart-Casual","Formal suit,Topwear","Formal suit,Cotton fabric,Rayon fabric",4329,98,https://randomuser.me/api/portraits/women/3.jpg
166,Kirti Chandela,No,"Women,Boys,Girls","Ethnic,Smart-Casual","Saree,Topwear","Handloom fabric,Georgette fabric,Silk fabric",4985,64,https://randomuser.me/api/portraits/women/12.jpg
167,Vivek Raghav,Yes,"Men,Women,Kids","Formal,Sports","Formal suit,Bottomwear","Formal suit,Linen fabric,Denim fabric",4012,86,https://randomuser.me/api/portraits/women/3.jpg
168,Riya Jaiswal,Yes,"Women,Boys,Girls","Ethnic,Smart-Casual","Saree,Apparel Set","Handloom fabric,Rayon fabric,Silk fabric",4922,66,https://randomuser.me/api/portraits/men/45.jpg
169,Vikram Mittal,Yes,"Men,Women,Kids","Formal,Smart-Casual","Formal suit,Topwear","Formal suit,Cotton fabric,Rayon fabric",4445,77,https://randomuser.me/api/portraits/men/74.jpg
170,Aryan Sagar,No,"Women,Boys,Girls","Ethnic,Smart-Casual","Saree,Topwear","Handloom fabric,Georgette fabric,Silk fabric",4869,49,https://randomuser.me/api/portraits/men/57.jpg
171,Utkarsh Pandey,Yes,"Men,Women,Kids","Formal,Sports","Formal suit,Bottomwear","Formal suit,Linen fabric,Denim fabric",4461,85,https://randomuser.me/api/portraits/women/67.jpg
172,Saksham Varma,Yes,"Women,Boys,Girls","Ethnic,Smart-Casual","Saree,Apparel Set","Handloom fabric,Rayon fabric,Silk fabric",5424,51,https://randomuser.me/api/portraits/women/85.jpg
173,Rishabh Bhargava,Yes,"Men,Women,Kids","Formal,Smart-Casual","Formal suit,Topwear","Formal suit,Cotton fabric,Rayon fabric",4814,93,https://randomuser.me/api/portraits/women/77.jpg
174,Neha Jaiswal,No,"Women,Boys,Girls","Ethnic,Smart-Casual","Saree,Topwear","Handloom fabric,Georgette fabric,Silk fabric",4146,67,https://randomuser.me/api/portraits/men/66.jpg
175,Rahul Kumar,Yes,"Men,Boys,Kids","Formal,Smart-Casual","Formal suit,Topwear","Formal suit,Cotton fabric,Rayon fabric",2005,15,https://randomuser.me/api/portraits/men/35.jpg
176,Kavita Choudhary,No,"Women,Boys,Girls","Ethnic,Smart-Casual","Saree,Apparel Set","Handloom fabric,Rayon fabric,Silk fabric",5534,73,https://randomuser.me/api/portraits/women/62.jpg
177,Harsh Vardhan,Yes,"Men,Women,Kids","Formal,Sports","Formal suit,Bottomwear","Formal suit,Linen fabric,Denim fabric",4121,79,https://randomuser.me/api/portraits/men/81.jpg
178,Aaradhya Singh,Yes,"Women,Boys,Girls","Ethnic,Smart-Casual","Saree,Topwear","Handloom fabric,Georgette fabric,Silk fabric",5347,44,https://randomuser.me/api/portraits/men/23.jpg
179,Prachi Bansal,Yes,"Men,Women,Kids","Formal,Smart-Casual","Formal suit,Topwear","Formal suit,Cotton fabric,Rayon fabric",4123,95,https://randomuser.me/api/portraits/men/31.jpg
180,Kanishk Agarwal,No,"Women,Boys,Girls","Ethnic,Smart-Casual","Saree,Apparel Set","Handloom fabric,Rayon fabric,Silk fabric",5439,60,https://randomuser.me/api/portraits/men/72.jpg
181,Yash Jain,Yes,"Men,Women,Kids","Formal,Sports","Formal suit,Bottomwear","Formal suit,Linen fabric,Denim fabric",4449,76,https://randomuser.me/api/portraits/men/94.jpg
182,Tanvi Singhal,Yes,"Women,Boys,Girls","Ethnic,Smart-Casual","Saree,Topwear","Handloom fabric,Georgette fabric,Silk fabric",4756,78,https://randomuser.me/api/portraits/men/85.jpg
183,Aryan Dubey,No,"Men,Women,Kids","Formal,Smart-Casual","Formal suit,Topwear","Formal suit,Cotton fabric,Rayon fabric",4541,57,https://randomuser.me/api/portraits/women/45.jpg
184,Kabir Khanna,Yes,"Women,Boys,Girls","Ethnic,Smart-Casual","Saree,Apparel Set","Handloom fabric,Rayon fabric,Silk fabric",5132,84,https://randomuser.me/api/portraits/women/68.jpg
185,Saksham Mehta,Yes,"Men,Women,Kids","Formal,Sports","Formal suit,Bottomwear","Formal suit,Linen fabric,Denim fabric",4319,75,https://randomuser.me/api/portraits/women/65.jpg
186,Riddhima Sen,No,"Women,Boys,Girls","Ethnic,Smart-Casual","Saree,Topwear","Handloom fabric,Georgette fabric,Silk fabric",4613,52,https://randomuser.me/api/portraits/men/42.jpg
187,Vedant Kulkarni,Yes,"Men,Women,Kids","Formal,Smart-Casual","Formal suit,Topwear","Formal suit,Cotton fabric,Rayon fabric",4529,91,https://randomuser.me/api/portraits/women/83.jpg
188,Pranav Saxena,Yes,"Women,Boys,Girls","Ethnic,Smart-Casual","Saree,Apparel Set","Handloom fabric,Rayon fabric,Silk fabric",5374,68,https://randomuser.me/api/portraits/women/59.jpg
189,Ananya Bajaj,Yes,"Men,Women,Kids","Formal,Sports","Formal suit,Bottomwear","Formal suit,Linen fabric,Denim fabric",4074,82,https://randomuser.me/api/portraits/men/65.jpg
190,Tanisha Shetty,No,"Women,Boys,Girls","Ethnic,Smart-Casual","Saree,Topwear","Handloom fabric,Georgette fabric,Silk fabric",5019,58,https://randomuser.me/api/portraits/women/6.jpg
191,Mehak Goyal,Yes,"Men,Women,Kids","Formal,Smart-Casual","Formal suit,Topwear","Formal suit,Cotton fabric,Rayon fabric",4952,89,https://randomuser.me/api/portraits/men/87.jpg
192,Sparsh Chawla,Yes,"Women,Boys,Girls","Ethnic,Smart-Casual","Saree,Apparel Set","Handloom fabric,Rayon fabric,Silk fabric",4128,72,https://randomuser.me/api/portraits/women/27.jpg
193,Lakshya Ahuja,No,"Men,Women,Kids","Formal,Sports","Formal suit,Bottomwear","Formal suit,Linen fabric,Denim fabric",4752,69,https://randomuser.me/api/portraits/women/72.jpg
194,Rohan Bansal,Yes,"Women,Boys,Girls","Ethnic,Smart-Casual","Saree,Topwear","Handloom fabric,Georgette fabric,Silk fabric",4885,88,https://randomuser.me/api/portraits/men/10.jpg
195,Kushal Jain,Yes,"Men,Women,Kids","Formal,Smart-Casual","Formal suit,Topwear","Formal suit,Cotton fabric,Rayon fabric",4499,94,https://randomuser.me/api/portraits/men/89.jpg
196,Aaradhya Mehra,No,"Women,Boys,Girls","Ethnic,Smart-Casual","Saree,Apparel Set","Handloom fabric,Rayon fabric,Silk fabric",4556,53,https://randomuser.me/api/portraits/women/50.jpg
197,Pranav Nigam,Yes,"Men,Women,Kids","Formal,Sports","Formal suit,Bottomwear","Formal suit,Linen fabric,Denim fabric",4213,85,https://randomuser.me/api/portraits/men/98.jpg
198,Sakshi Mittal,Yes,"Women,Boys,Girls","Ethnic,Smart-Casual","Saree,Topwear","Handloom fabric,Georgette fabric,Silk fabric",4692,81,https://randomuser.me/api/portraits/men/86.jpg
199,Yash Gandhi,Yes,"Men,Women,Kids","Formal,Smart-Casual","Formal suit,Topwear","Formal suit,Cotton fabric,Rayon fabric",4763,90,https://randomuser.me/api/portraits/women/73.jpg
200,Tanisha Jain,No,"Women,Boys,Girls","Ethnic,Smart-Casual","Saree,Apparel Set","Handloom fabric,Rayon fabric,Silk fabric",4419,72,https://randomuser.me/api/portraits/men/0.jpg
